<?xml version="1.0" encoding="UTF-8" standalone="no"?> 
<board schema_version="2.0" vendor="em.avnet.com" name="picozed_7010_fmc1" display_name="PicoZed 7010 SOM + FMC Carrier V1" url="http://www.picozed.org" preset_file="preset.xml" >
  <images>
    <image name="PZCC_FMC.jpg" display_name="PZ_PZCC_FMC_V1" sub_type="board">
      <description>PZ plus PZCC-FMC-V1 Board File Image</description>
    </image>
  </images>
<compatible_board_revisions>
  <revision id="0">c</revision>
</compatible_board_revisions>
<file_version>1.1</file_version>
<description>PicoZed 7010 SOM + FMC Carrier V1</description>
<components>
  <component name="part0" display_name="PicoZed 7010 SOM + FMC Carrier V1" type="fpga" part_name="xc7z010clg400-1" pin_map_file="part0_pins.xml" vendor="xilinx" spec_url="http://www.picozed.org">
    <interfaces>
      <interface mode="master" name="ps7_fixedio" type="xilinx.com:display_processing_system7:fixedio_rtl:1.0" of_component="ps7_fixedio" preset_proc="ps7_preset"> 
      </interface>
    </interfaces>
  </component>
  <component name="ps7_fixedio" display_name="ps7_fixedio" type="chip" sub_type="fixed_io" major_group=""/>
</components>
<jtag_chains>
  <jtag_chain name="chain1">
    <position name="0" component="part0"/>
  </jtag_chain>
</jtag_chains>
<connections>
</connections>
</board>
