<?xml version="1.0" encoding="UTF-8" standalone="no"?> 
<part_info part_name="xc7z030sbg485-1">
<pins>
  <pin index="0" name ="pl_pbs_5bits_tri_i_0" iostandard="LVCMOS18" loc="G2"/>
  <pin index="1" name ="pl_pbs_5bits_tri_i_1" iostandard="LVCMOS33" loc="T16"/>
  <pin index="2" name ="pl_pbs_5bits_tri_i_2" iostandard="LVCMOS33" loc="AB22"/>
  <pin index="3" name ="pl_pbs_5bits_tri_i_3" iostandard="LVCMOS33" loc="AB18"/>
  <pin index="4" name ="pl_pbs_5bits_tri_i_4" iostandard="LVCMOS33" loc="AB19"/>
  <pin index="5" name ="pl_leds_4bits_tri_o_0" iostandard="LVCMOS18" loc="G3"/>
  <pin index="6" name ="pl_leds_4bits_tri_o_1" iostandard="LVCMOS33" loc="AA19"/>
  <pin index="7" name ="pl_leds_4bits_tri_o_2" iostandard="LVCMOS33" loc="AA20"/>
  <pin index="8" name ="pl_leds_4bits_tri_o_3" iostandard="LVCMOS33" loc="AB21"/>
  <pin index="9" name ="sys_clk" iostandard="LVCMOS33" loc="Y18"/>
</pins>
</part_info>
